name,hire_date,department,birthday
Joshua Russell,1994-09-29,Engineering,1988-05-17
Timothy Perry,1986-07-13,R&D,2000-11-11
Dalton Davis,2002-09-08,R&D,1997-02-08
Amy Ray,1975-08-20,HR,1982-05-31
Lisa Davis,1983-11-23,R&D,1980-12-19
Christopher Jones,1982-07-17,Engineering,1974-02-14
Lisa Miles,2000-11-06,Finance,1999-08-21
Richard Williams,1978-06-19,Engineering,1977-10-03
Alyssa Peterson,1997-10-29,Finance,2000-11-22
Paul Simmons,1999-07-01,R&D,1981-01-16
Blake Ray,1982-05-09,R&D,1994-12-17
Bryan Obrien,1980-04-22,R&D,1996-10-31
Donald Johnson,1983-01-11,R&D,1979-09-03
Bradley Gilbert,1994-03-27,Engineering,1980-10-06
Jerry Martinez,1987-06-26,Finance,1996-04-15
Shannon Garner,1983-01-01,HR,1987-02-14
Daniel Cook,1999-01-12,HR,1985-06-06
Meagan Gilbert,1977-01-15,HR,1987-03-22
Katherine Robertson,1976-08-29,Finance,1996-10-19
Timothy French,1976-07-30,Finance,1981-03-20
Dr. Rachel White MD,1986-08-12,Engineering,1989-12-31
Veronica Rogers,1993-07-07,R&D,1989-11-29
Melissa Pugh,1999-06-19,HR,1996-07-19
Alexandra Maddox,1974-11-09,Finance,2001-09-05
Christopher Williams,1999-10-14,Finance,1995-01-08
Lisa Morgan,1985-09-20,R&D,1995-06-05
Elizabeth Meyers,1987-04-24,Finance,1980-12-20
Kevin Coleman DDS,1980-03-06,HR,1995-02-15
Billy Sullivan,1992-01-11,HR,1978-10-13
Ashley Huerta,1980-08-11,Finance,1980-05-27
Andrew Snyder,1998-02-03,R&D,1976-04-05
Jill Long,1977-09-23,Engineering,1988-12-04
Terri Thomas,1988-07-30,HR,1993-05-09
David Lopez,2001-06-23,Finance,1975-07-20
Amanda Banks,2002-08-31,Engineering,1985-09-29
Karen Patterson,1978-08-18,HR,2002-08-22
Mr. Tyler Roberts,1975-10-30,Finance,1990-06-24
Jacob Cook,1984-07-07,R&D,1975-04-14
Shannon Oconnell MD,1977-08-29,R&D,2001-04-25
Charles Johnson,1993-12-29,Finance,1991-11-07
Michael Jones,1993-02-10,Engineering,1992-07-01
Sydney Smith,1982-10-11,Finance,1995-11-01
Roger Shaw,1978-12-06,R&D,1999-01-21
Jennifer Perez,1974-10-11,R&D,1981-06-22
Alex Scott,1979-12-05,HR,1976-02-07
Terri Reed,1981-12-29,Finance,1983-01-12
Jacob Chaney,1997-08-01,R&D,1990-03-09
Rachel Brooks,2000-06-16,HR,1997-07-11
Mitchell Alvarado,1981-03-09,Finance,1984-12-17
Stephanie Shaw,1979-05-15,HR,1983-06-09
Michael Porter,1991-03-23,Finance,1998-09-24
Dawn Reed,1991-02-23,HR,1999-03-17
Shawna Ramirez,1984-03-11,Engineering,1983-08-18
Justin Williams,1988-06-10,R&D,1986-09-23
Bailey Elliott,1980-03-02,Finance,1983-07-15
Timothy Underwood,1996-03-18,Engineering,1998-09-13
James Taylor,1983-02-26,Engineering,1991-02-01
Tom Williams,1984-07-31,HR,1984-08-15
Sarah Vasquez,1979-12-30,Engineering,1999-12-17
Mark Castro,1978-12-15,Finance,2002-11-06
Jamie Weeks,1984-07-26,Engineering,1975-10-08
Dr. Kyle Wilson,1982-03-28,R&D,1988-07-14
Timothy Vang,1998-12-22,R&D,1997-04-24
Eric Roberts,2000-09-10,R&D,1974-08-23
Christopher Bush,1980-09-21,Finance,1976-01-25
Melanie Cooley,1987-02-11,HR,1997-07-19
Ruth Holt,2001-06-26,Finance,1979-07-08
Joseph Preston,2002-12-31,HR,1978-11-06
Phillip Carter,1997-12-31,R&D,1985-09-22
Katherine Reed,2000-09-01,Engineering,1999-03-30
Robert Salazar,2001-01-31,R&D,1989-09-09
Jessica Bailey,1980-01-03,Engineering,1978-11-04
Andrea Mclean,1975-05-16,HR,1997-11-03
David Shelton,1994-02-04,HR,1996-09-05
Amanda Fleming,1977-09-29,Engineering,1984-04-25
Jerry Harvey,1989-06-19,R&D,1977-11-05
Paul Powell,1979-12-31,R&D,1990-01-26
Melissa Harmon,2002-07-18,R&D,1991-04-17
Paul George,1984-01-18,Engineering,2001-05-09
Heather Frye,1992-06-11,HR,1986-03-03
John Escobar,1980-05-14,Finance,1988-11-13
Nicole Golden,1995-09-16,R&D,1979-10-06
Kelly Smith,1980-06-05,HR,1992-03-11
Sandra Garrison,1984-03-20,R&D,1995-07-12
Jay Stephenson,1985-07-03,Engineering,1987-08-16
Seth Schmidt,1997-01-12,R&D,1995-05-07
Kevin Wall,1997-02-21,Engineering,1994-11-21
Nicole Cruz,2000-09-07,R&D,1983-08-12
Amanda Martin,1996-03-11,Engineering,1995-10-13
Henry Gallagher,1990-11-01,R&D,1986-12-30
Brett Shaw,1986-03-27,Engineering,1993-06-21
Edward Blankenship,1988-08-31,HR,1995-05-07
Teresa Tanner,1975-01-28,Finance,1977-06-24
Robert Garcia,1999-05-17,Engineering,1990-08-06
Michael Gillespie,1991-01-12,HR,2000-11-03
Caitlin Rogers,1993-01-18,HR,1998-09-06
Angela Mclean,1998-02-03,Engineering,1992-10-30
Ashley Foley,1985-08-02,R&D,1980-05-03
Sherry Soto,1996-04-18,HR,1974-06-17
Christine Moore,1976-12-17,R&D,1987-08-05
